key,value,date
视频编辑,100,01/06/15 00:00
视频编辑,150,01/06/15 01:00
视频编辑,350,01/06/15 02:00
视频编辑,380,01/06/15 03:00
视频编辑,220,01/06/15 04:00
视频编辑,160,01/06/15 05:00
视频编辑,170,01/06/15 06:00
视频编辑,120,01/06/15 07:00
视频编辑,170,01/06/15 08:00
视频编辑,330,01/06/15 09:00
视频编辑,400,01/06/15 10:00
视频编辑,320,01/06/15 11:00
视频编辑,260,01/06/15 12:00
视频编辑,350,01/06/15 13:00
视频编辑,400,01/06/15 14:00
视频编辑,320,01/06/15 15:00
视频编辑,260,01/06/15 16:00
视频编辑,220,01/06/15 17:00
视频编辑,160,01/06/15 18:00
视频编辑,220,01/06/15 19:00
视频编辑,250,01/06/15 20:00
视频编辑,220,01/06/15 21:00
视频编辑,150,01/06/15 22:00
视频编辑,390,01/06/15 23:00
视频编辑,440,01/06/15 24:00
广告设计,350,01/06/15 00:00
广告设计,360,01/06/15 01:00
广告设计,370,01/06/15 02:00
广告设计,220,01/06/15 03:00
广告设计,240,01/06/15 04:00
广告设计,260,01/06/15 05:00
广告设计,340,01/06/15 06:00
广告设计,210,01/06/15 07:00
广告设计,180,01/06/15 08:00
广告设计,450,01/06/15 09:00
广告设计,320,01/06/15 10:00
广告设计,350,01/06/15 11:00
广告设计,300,01/06/15 12:00
广告设计,280,01/06/15 13:00
广告设计,270,01/06/15 14:00
广告设计,260,01/06/15 15:00
广告设计,150,01/06/15 16:00
广告设计,300,01/06/15 17:00
广告设计,350,01/06/15 18:00
广告设计,220,01/06/15 19:00
广告设计,220,01/06/15 20:00
广告设计,350,01/06/15 21:00
广告设计,300,01/06/15 22:00
广告设计,220,01/06/15 23:00
广告设计,320,01/06/15 24:00
哲学艺术,210,01/06/15 00:00
哲学艺术,250,01/06/15 01:00
哲学艺术,270,01/06/15 02:00
哲学艺术,230,01/06/15 03:00
哲学艺术,240,01/06/15 04:00
哲学艺术,110,01/06/15 05:00
哲学艺术,200,01/06/15 06:00
哲学艺术,290,01/06/15 07:00
哲学艺术,300,01/06/15 08:00
哲学艺术,360,01/06/15 09:00
哲学艺术,330,01/06/15 10:00
哲学艺术,430,01/06/15 11:00
哲学艺术,400,01/06/15 12:00
哲学艺术,340,01/06/15 13:00
哲学艺术,280,01/06/15 14:00
哲学艺术,260,01/06/15 15:00
哲学艺术,270,01/06/15 16:00
哲学艺术,310,01/06/15 17:00
哲学艺术,260,01/06/15 18:00
哲学艺术,370,01/06/15 19:00
哲学艺术,210,01/06/15 20:00
哲学艺术,260,01/06/15 21:00
哲学艺术,370,01/06/15 22:00
哲学艺术,310,01/06/15 23:00
哲学艺术,350,01/06/15 24:00
地理勘探,100,01/06/15 00:00
地理勘探,150,01/06/15 01:00
地理勘探,350,01/06/15 02:00
地理勘探,380,01/06/15 03:00
地理勘探,220,01/06/15 04:00
地理勘探,160,01/06/15 05:00
地理勘探,170,01/06/15 06:00
地理勘探,120,01/06/15 07:00
地理勘探,170,01/06/15 08:00
地理勘探,330,01/06/15 09:00
地理勘探,400,01/06/15 10:00
地理勘探,320,01/06/15 11:00
地理勘探,260,01/06/15 12:00
地理勘探,350,01/06/15 13:00
地理勘探,400,01/06/15 14:00
地理勘探,320,01/06/15 15:00
地理勘探,260,01/06/15 16:00
地理勘探,220,01/06/15 17:00
地理勘探,160,01/06/15 18:00
地理勘探,220,01/06/15 19:00
地理勘探,100,01/06/15 20:00
地理勘探,160,01/06/15 21:00
地理勘探,220,01/06/15 22:00
地理勘探,400,01/06/15 23:00
地理勘探,300,01/06/15 24:00
人物素描,100,01/06/15 00:00
人物素描,150,01/06/15 01:00
人物素描,350,01/06/15 02:00
人物素描,380,01/06/15 03:00
人物素描,220,01/06/15 04:00
人物素描,160,01/06/15 05:00
人物素描,170,01/06/15 06:00
人物素描,120,01/06/15 07:00
人物素描,170,01/06/15 08:00
人物素描,330,01/06/15 09:00
人物素描,400,01/06/15 10:00
人物素描,320,01/06/15 11:00
人物素描,260,01/06/15 12:00
人物素描,350,01/06/15 13:00
人物素描,400,01/06/15 14:00
人物素描,320,01/06/15 15:00
人物素描,260,01/06/15 16:00
人物素描,220,01/06/15 17:00
人物素描,160,01/06/15 18:00
人物素描,220,01/06/15 19:00
人物素描,100,01/06/15 20:00
人物素描,160,01/06/15 21:00
人物素描,220,01/06/15 22:00
人物素描,400,01/06/15 23:00
人物素描,300,01/06/15 24:00
材料科学,100,01/06/15 00:00
材料科学,150,01/06/15 01:00
材料科学,350,01/06/15 02:00
材料科学,380,01/06/15 03:00
材料科学,220,01/06/15 04:00
材料科学,160,01/06/15 05:00
材料科学,170,01/06/15 06:00
材料科学,120,01/06/15 07:00
材料科学,170,01/06/15 08:00
材料科学,330,01/06/15 09:00
材料科学,400,01/06/15 10:00
材料科学,320,01/06/15 11:00
材料科学,260,01/06/15 12:00
材料科学,350,01/06/15 13:00
材料科学,400,01/06/15 14:00
材料科学,320,01/06/15 15:00
材料科学,260,01/06/15 16:00
材料科学,220,01/06/15 17:00
材料科学,160,01/06/15 18:00
材料科学,220,01/06/15 19:00
材料科学,100,01/06/15 20:00
材料科学,160,01/06/15 21:00
材料科学,220,01/06/15 22:00
材料科学,300,01/06/15 23:00
材料科学,350,01/06/15 24:00